movie_id,movie_title,collaborator_id,collaborator_name,role,character,release_date
454,Romeo + Juliet,6201,Baz Luhrmann,Director,,1996/11/1
454,Romeo + Juliet,6194,Claire Danes,Actor,Juliet,1996/11/1
454,Romeo + Juliet,17772,Jesse Bradford,Actor,Balthasar,1996/11/1
454,Romeo + Juliet,6198,Vondie Curtis-Hall,Actor,Captain Prince,1996/11/1
454,Romeo + Juliet,6197,Brian Dennehy,Actor,Ted Montague,1996/11/1
454,Romeo + Juliet,5723,John Leguizamo,Actor,Tybalt,1996/11/1
454,Romeo + Juliet,6199,Miriam Margolyes,Actor,Nurse,1996/11/1
454,Romeo + Juliet,6195,Harold Perrineau,Actor,Mercutio,1996/11/1
454,Romeo + Juliet,94978,Christina Pickles,Actor,Caroline Montague,1996/11/1
454,Romeo + Juliet,4935,Pete Postlethwaite,Actor,Father Laurence,1996/11/1
454,Romeo + Juliet,22226,Paul Rudd,Actor,Dave Paris,1996/11/1
473888,Ryuichi Sakamoto: Coda,1087779,Stephen Nomura Schible,Director,,2017/11/4
473888,Ryuichi Sakamoto: Coda,11382,Ryuichi Sakamoto,Actor,Self,2017/11/4
473888,Ryuichi Sakamoto: Coda,7487,David Bowie,Actor,Jack Celliers (archive footage),2017/11/4
473888,Ryuichi Sakamoto: Coda,6949,John Malkovich,Actor,Port (archive footage),2017/11/4
473888,Ryuichi Sakamoto: Coda,26513,Debra Winger,Actor,Kit (archive footage),2017/11/4
473888,Ryuichi Sakamoto: Coda,1190206,Donatas Banionis,Actor,Kris Kelvin (archive footage),2017/11/4
473888,Ryuichi Sakamoto: Coda,1190211,Natalya Bondarchuk,Actor,Hari (archive footage),2017/11/4
473888,Ryuichi Sakamoto: Coda,1084110,Haruomi Hosono,Actor,Self,2017/11/4
473888,Ryuichi Sakamoto: Coda,1564130,Yukihiro Takahashi,Actor,Self,2017/11/4
1372,Blood Diamond,9181,Edward Zwick,Director,,2006/12/8
1372,Blood Diamond,938,Djimon Hounsou,Actor,Solomon Vandy,2006/12/8
1372,Blood Diamond,6161,Jennifer Connelly,Actor,Maddy Bowen,2006/12/8
1372,Blood Diamond,16742,Kagiso Kuypers,Actor,Dia Vandy,2006/12/8
1372,Blood Diamond,16743,Arnold Vosloo,Actor,Colonel Coetzee,2006/12/8
1372,Blood Diamond,16744,Antony Coleman,Actor,Cordell Brown,2006/12/8
1372,Blood Diamond,16746,Benu Mabhena,Actor,Jassie Vandy,2006/12/8
1372,Blood Diamond,16749,Anointing Lukola,Actor,N'Yanda Vandy,2006/12/8
1372,Blood Diamond,16752,David Harewood,Actor,Captain Poison,2006/12/8
1372,Blood Diamond,16754,Basil Wallace,Actor,Benjamin Kapanay,2006/12/8
1372,Blood Diamond,16756,Jimi Mistry,Actor,Nabil,2006/12/8
822099,The Lost Leonardo,1076827,Andreas Koefoed,Director,,2021/8/20
822099,The Lost Leonardo,1615959,Georgina Adam,Actor,Self - Writer and Journalist,2021/8/20
822099,The Lost Leonardo,3202335,Warren Adelson,Actor,Self - Art Dealer,2021/8/20
822099,The Lost Leonardo,3249716,Evan Beard,Actor,Self - Banker,2021/8/20
822099,The Lost Leonardo,3202345,Yves Bouvier,Actor,Self - Freeport Owner and Businessman,2021/8/20
822099,The Lost Leonardo,3249718,Alexandra Bregman,Actor,Self - Writer,2021/8/20
822099,The Lost Leonardo,2941203,Alison Cole,Actor,Self - Editor,2021/8/20
822099,The Lost Leonardo,3202306,Dianne Dwyer Modestini,Actor,Self - Restorer,2021/8/20
822099,The Lost Leonardo,3249710,Maria Teresa Fiorio,Actor,Self - Da Vinci Expert,2021/8/20
822099,The Lost Leonardo,3249715,Jacques Franck,Actor,Self - Artist and Restorer,2021/8/20
822099,The Lost Leonardo,3039825,Antoine Harari,Actor,Self - Investigative Journalist,2021/8/20
1422,The Departed,1032,Martin Scorsese,Director,,2006/10/4
1422,The Departed,1892,Matt Damon,Actor,Colin,2006/10/4
1422,The Departed,514,Jack Nicholson,Actor,Costello,2006/10/4
1422,The Departed,13240,Mark Wahlberg,Actor,Dignam,2006/10/4
1422,The Departed,8349,Martin Sheen,Actor,Queenan,2006/10/4
1422,The Departed,5538,Ray Winstone,Actor,Mr. French,2006/10/4
1422,The Departed,21657,Vera Farmiga,Actor,Madolyn,2006/10/4
1422,The Departed,18471,Anthony Anderson,Actor,Brown,2006/10/4
1422,The Departed,7447,Alec Baldwin,Actor,Ellerby,2006/10/4
1422,The Departed,18472,Kevin Corrigan,Actor,Cousin Sean,2006/10/4
1422,The Departed,18473,James Badge Dale,Actor,Barrigan,2006/10/4
640,Catch Me If You Can,488,Steven Spielberg,Director,,2002/12/16
640,Catch Me If You Can,31,Tom Hanks,Actor,Carl Hanratty,2002/12/16
640,Catch Me If You Can,4690,Christopher Walken,Actor,Frank Abagnale,2002/12/16
640,Catch Me If You Can,8349,Martin Sheen,Actor,Roger Strong,2002/12/16
640,Catch Me If You Can,136761,Nathalie Baye,Actor,Paula Abagnale,2002/12/16
640,Catch Me If You Can,9273,Amy Adams,Actor,Brenda Strong,2002/12/16
640,Catch Me If You Can,9274,James Brolin,Actor,Jack Barnes,2002/12/16
640,Catch Me If You Can,1990,Brian Howe,Actor,Earl Amdursky,2002/12/16
640,Catch Me If You Can,9275,Frank John Hughes,Actor,Tom Fox,2002/12/16
640,Catch Me If You Can,9276,Steve Eastin,Actor,Paul Morgan,2002/12/16
640,Catch Me If You Can,8191,Chris Ellis,Actor,Special Agent Witkins,2002/12/16
1587,What's Eating Gilbert Grape,5306,Lasse Hallstr?m,Director,,1993/12/17
1587,What's Eating Gilbert Grape,85,Johnny Depp,Actor,Gilbert Grape,1993/12/17
1587,What's Eating Gilbert Grape,3196,Juliette Lewis,Actor,Becky,1993/12/17
1587,What's Eating Gilbert Grape,2453,Mary Steenburgen,Actor,Betty Carver,1993/12/17
1587,What's Eating Gilbert Grape,17768,Darlene Cates,Actor,Bonnie Grape,1993/12/17
1587,What's Eating Gilbert Grape,17769,Laura Harrington,Actor,Amy Grape,1993/12/17
1587,What's Eating Gilbert Grape,8184,Mary Kate Schellhardt,Actor,Ellen Grape,1993/12/17
1587,What's Eating Gilbert Grape,17770,Kevin Tighe,Actor,Ken Carver,1993/12/17
1587,What's Eating Gilbert Grape,4764,John C. Reilly,Actor,Tucker Van Dyke,1993/12/17
1587,What's Eating Gilbert Grape,1064,Crispin Glover,Actor,Bobby McBurney,1993/12/17
1587,What's Eating Gilbert Grape,172680,Penelope Branning,Actor,Becky's Grandma,1993/12/17
3131,Gangs of New York,1032,Martin Scorsese,Director,,2002/12/14
3131,Gangs of New York,11856,Daniel Day-Lewis,Actor,Bill "The Butcher" Cutting,2002/12/14
3131,Gangs of New York,6941,Cameron Diaz,Actor,Jenny Everdeane,2002/12/14
3131,Gangs of New York,388,Jim Broadbent,Actor,Boss Tweed,2002/12/14
3131,Gangs of New York,4764,John C. Reilly,Actor,Happy Jack,2002/12/14
3131,Gangs of New York,9976,Henry Thomas,Actor,Johnny Sirocco,2002/12/14
3131,Gangs of New York,3896,Liam Neeson,Actor,"""Priest"" Vallon",2002/12/14
3131,Gangs of New York,2039,Brendan Gleeson,Actor,Walter "Monk" McGinn,2002/12/14
3131,Gangs of New York,480,Gary Lewis,Actor,McGloin,2002/12/14
3131,Gangs of New York,1115,Stephen Graham,Actor,Shang,2002/12/14
3131,Gangs of New York,1665,Eddie Marsan,Actor,Killoran,2002/12/14
1907,The Beach,2034,Danny Boyle,Director,,2000/2/3
1907,The Beach,19163,Virginie Ledoyen,Actor,Fran?oise,2000/2/3
1907,The Beach,19866,Guillaume Canet,Actor,¨¦tienne,2000/2/3
1907,The Beach,3063,Tilda Swinton,Actor,Sal,2000/2/3
1907,The Beach,19867,Staffan Kihlbom,Actor,Christo,2000/2/3
1907,The Beach,19868,Paterson Joseph,Actor,Keaty,2000/2/3
1907,The Beach,19869,Peter Youngblood Hills,Actor,Zeph,2000/2/3
1907,The Beach,18023,Robert Carlyle,Actor,Daffy,2000/2/3
1907,The Beach,19870,Jerry Swindall,Actor,Sammy,2000/2/3
1907,The Beach,19871,Lars Arentz-Hansen,Actor,Bugs,2000/2/3
1907,The Beach,2063,Jukka Hiltunen,Actor,Karl,2000/2/3
2567,The Aviator,1032,Martin Scorsese,Director,,2004/12/17
2567,The Aviator,112,Cate Blanchett,Actor,Katharine Hepburn,2004/12/17
2567,The Aviator,3967,Kate Beckinsale,Actor,Ava Gardner,2004/12/17
2567,The Aviator,4764,John C. Reilly,Actor,Noah Dietrich,2004/12/17
2567,The Aviator,7447,Alec Baldwin,Actor,Juan Trippe,2004/12/17
2567,The Aviator,21278,Alan Alda,Actor,Senator Ralph Owen Brewster,2004/12/17
2567,The Aviator,65,Ian Holm,Actor,Professor Fitz,2004/12/17
2567,The Aviator,6413,Danny Huston,Actor,Jack Frye,2004/12/17
2567,The Aviator,77070,Gwen Stefani,Actor,Jean Harlow,2004/12/17
2567,The Aviator,9642,Jude Law,Actor,Errol Flynn,2004/12/17
2567,The Aviator,36801,Adam Scott,Actor,Johnny Meyer,2004/12/17
4148,Revolutionary Road,39,Sam Mendes,Director,,2008/12/19
4148,Revolutionary Road,204,Kate Winslet,Actor,April Wheeler,2008/12/19
4148,Revolutionary Road,8534,Kathy Bates,Actor,Mrs. Helen Givings,2008/12/19
4148,Revolutionary Road,335,Michael Shannon,Actor,John Givings,2008/12/19
4148,Revolutionary Road,17696,Kathryn Hahn,Actor,Milly Campbell,2008/12/19
4148,Revolutionary Road,35029,David Harbour,Actor,Shep Campbell,2008/12/19
4148,Revolutionary Road,19152,Dylan Baker,Actor,Jack Ordway,2008/12/19
4148,Revolutionary Road,172705,Richard Easton,Actor,Mr. Givings,2008/12/19
4148,Revolutionary Road,35028,Zoe Kazan,Actor,Maureen Grube,2008/12/19
4148,Revolutionary Road,6067,Jay O. Sanders,Actor,Bart Pollock,2008/12/19
4148,Revolutionary Road,10960,Max Baker,Actor,Vince Lathrop,2008/12/19
10474,The Basketball Diaries,65390,Scott Kalvert,Director,,1995/4/21
10474,The Basketball Diaries,13240,Mark Wahlberg,Actor,Mickey,1995/4/21
10474,The Basketball Diaries,65395,James Madio,Actor,Pedro,1995/4/21
10474,The Basketball Diaries,11478,Lorraine Bracco,Actor,Mrs. Carroll,1995/4/21
10474,The Basketball Diaries,186526,Patrick McGaw,Actor,Neutron,1995/4/21
10474,The Basketball Diaries,8874,Ernie Hudson,Actor,Reggie,1995/4/21
10474,The Basketball Diaries,9257,Bruno Kirby,Actor,Swifty,1995/4/21
10474,The Basketball Diaries,11486,Michael Imperioli,Actor,Bobby,1995/4/21
10474,The Basketball Diaries,3196,Juliette Lewis,Actor,Diane Moody,1995/4/21
10474,The Basketball Diaries,163985,Manny Alfaro,Actor,Manny,1995/4/21
10474,The Basketball Diaries,18271,Toby Huss,Actor,Kenny,1995/4/21
11324,Shutter Island,1032,Martin Scorsese,Director,,2010/2/14
11324,Shutter Island,103,Mark Ruffalo,Actor,Chuck Aule,2010/2/14
11324,Shutter Island,2282,Ben Kingsley,Actor,Dr. Cawley,2010/2/14
11324,Shutter Island,2201,Max von Sydow,Actor,Dr. Naehring,2010/2/14
11324,Shutter Island,1812,Michelle Williams,Actor,Dolores,2010/2/14
11324,Shutter Island,1246,Emily Mortimer,Actor,Rachel 1,2010/2/14
11324,Shutter Island,1276,Patricia Clarkson,Actor,Rachel 2,2010/2/14
11324,Shutter Island,17183,Jackie Earle Haley,Actor,George Noyce,2010/2/14
11324,Shutter Island,15854,Ted Levine,Actor,Warden,2010/2/14
11324,Shutter Island,3911,John Carroll Lynch,Actor,Deputy Warden McPherson,2010/2/14
11324,Shutter Island,13550,Elias Koteas,Actor,Laeddis,2010/2/14
8092,This Boy's Life,30365,Michael Caton-Jones,Director,,1993/4/9
8092,This Boy's Life,380,Robert De Niro,Actor,Dwight Hansen,1993/4/9
8092,This Boy's Life,6913,Ellen Barkin,Actor,Caroline Wolff Hansen,1993/4/9
8092,This Boy's Life,2955,Chris Cooper,Actor,Roy,1993/4/9
8092,This Boy's Life,13446,Eliza Dushku,Actor,Pearl,1993/4/9
8092,This Boy's Life,53814,Jonah Blechman,Actor,Arthur Gayle,1993/4/9
8092,This Boy's Life,162605,Kathy Kinney,Actor,Marian,1993/4/9
8092,This Boy's Life,26283,Gerrit Graham,Actor,Mr. Howard,1993/4/9
8092,This Boy's Life,17832,Carla Gugino,Actor,Norma,1993/4/9
8092,This Boy's Life,182900,Zachary Ansley,Actor,Skipper,1993/4/9
8092,This Boy's Life,2219,Tobey Maguire,Actor,Chuck Bolger,1993/4/9
12106,The Quick and the Dead,7623,Sam Raimi,Director,,1995/2/9
12106,The Quick and the Dead,4430,Sharon Stone,Actor,Ellen,1995/2/9
12106,The Quick and the Dead,193,Gene Hackman,Actor,John Herod,1995/2/9
12106,The Quick and the Dead,934,Russell Crowe,Actor,Cort,1995/2/9
12106,The Quick and the Dead,2144,Tobin Bell,Actor,Dog Kelly,1995/2/9
12106,The Quick and the Dead,66288,Roberts Blossom,Actor,Doc Wallace,1995/2/9
12106,The Quick and the Dead,27116,Kevin Conway,Actor,Eugene Dred,1995/2/9
12106,The Quick and the Dead,65827,Keith David,Actor,Sgt. Clay Cantrell,1995/2/9
12106,The Quick and the Dead,2714,Lance Henriksen,Actor,Ace Hanlon,1995/2/9
12106,The Quick and the Dead,3798,Pat Hingle,Actor,Horace the Bartender,1995/2/9
12106,The Quick and the Dead,33,Gary Sinise,Actor,Marshall,1995/2/9
12113,Body of Lies,578,Ridley Scott,Director,,2008/10/9
12113,Body of Lies,934,Russell Crowe,Actor,Ed Hoffman,2008/10/9
12113,Body of Lies,2983,Mark Strong,Actor,Hani,2008/10/9
12113,Body of Lies,762,Ali Suliman,Actor,Omar Sadiki,2008/10/9
12113,Body of Lies,16358,Simon McBurney,Actor,Garland,2008/10/9
12113,Body of Lies,33241,Michael Gaston,Actor,Holiday,2008/10/9
12113,Body of Lies,43436,Mehdi Nebbou,Actor,Nizar,2008/10/9
12113,Body of Lies,229932,Golshifteh Farahani,Actor,Aisha,2008/10/9
12113,Body of Lies,25072,Oscar Isaac,Actor,Bassam,2008/10/9
12113,Body of Lies,16607,Alon Aboutboul,Actor,Al-Saleem,2008/10/9
12113,Body of Lies,77496,Vince Colosimo,Actor,Skip,2008/10/9
9466,Celebrity,1243,Woody Allen,Director,,1998/9/7
9466,Celebrity,5587,Hank Azaria,Actor,David,1998/9/7
9466,Celebrity,11181,Kenneth Branagh,Actor,Lee Simon,1998/9/7
9466,Celebrity,351,Judy Davis,Actor,Robin Simon,1998/9/7
9466,Celebrity,29369,Melanie Griffith,Actor,Nicole Oliver,1998/9/7
9466,Celebrity,10696,Famke Janssen,Actor,Bonnie,1998/9/7
9466,Celebrity,4250,Michael Lerner,Actor,Dr. Lupus,1998/9/7
9466,Celebrity,3266,Joe Mantegna,Actor,Tony Gardella,1998/9/7
9466,Celebrity,10739,Bebe Neuwirth,Actor,Nina - the Hooker,1998/9/7
9466,Celebrity,1920,Winona Ryder,Actor,Nola,1998/9/7
9466,Celebrity,6885,Charlize Theron,Actor,Supermodel,1998/9/7
9313,The Man in the Iron Mask,2460,Randall Wallace,Director,,1998/3/12
9313,The Man in the Iron Mask,5168,Gabriel Byrne,Actor,D'Artagnan,1998/3/12
9313,The Man in the Iron Mask,16940,Jeremy Irons,Actor,Aramis,1998/3/12
9313,The Man in the Iron Mask,6949,John Malkovich,Actor,Athos,1998/3/12
9313,The Man in the Iron Mask,16927,G¨¦rard Depardieu,Actor,Porthos,1998/3/12
9313,The Man in the Iron Mask,57298,Anne Parillaud,Actor,Queen Mother Anne,1998/3/12
9313,The Man in the Iron Mask,73937,Judith Godr¨¨che,Actor,Christine,1998/3/12
9313,The Man in the Iron Mask,38331,Edward Atterton,Actor,Lt. Andre,1998/3/12
9313,The Man in the Iron Mask,133,Peter Sarsgaard,Actor,Raoul,1998/3/12
9313,The Man in the Iron Mask,41419,Hugh Laurie,Actor,King's Advisor,1998/3/12
9313,The Man in the Iron Mask,180906,David Lowe,Actor,King's Advisor,1998/3/12
106646,The Wolf of Wall Street,1032,Martin Scorsese,Director,,2013/12/25
106646,The Wolf of Wall Street,21007,Jonah Hill,Actor,Donnie Azoff,2013/12/25
106646,The Wolf of Wall Street,234352,Margot Robbie,Actor,Naomi Lapaglia,2013/12/25
106646,The Wolf of Wall Street,10297,Matthew McConaughey,Actor,Mark Hanna,2013/12/25
106646,The Wolf of Wall Street,3497,Kyle Chandler,Actor,Agent Patrick Denham,2013/12/25
106646,The Wolf of Wall Street,3026,Rob Reiner,Actor,Max Belfort,2013/12/25
106646,The Wolf of Wall Street,19498,Jon Bernthal,Actor,Brad,2013/12/25
106646,The Wolf of Wall Street,15277,Jon Favreau,Actor,Manny Riskin,2013/12/25
106646,The Wolf of Wall Street,56024,Jean Dujardin,Actor,Jean Jacques Saurel,2013/12/25
106646,The Wolf of Wall Street,34901,Joanna Lumley,Actor,Aunt Emma,2013/12/25
106646,The Wolf of Wall Street,204392,Cristin Milioti,Actor,Teresa Petrillo,2013/12/25
9819,Marvin's Room,59635,Jerry Zaks,Director,,1996/12/18
9819,Marvin's Room,5064,Meryl Streep,Actor,Lee Wakefield Lacker,1996/12/18
9819,Marvin's Room,3092,Diane Keaton,Actor,Bessie Wakefield,1996/12/18
9819,Marvin's Room,380,Robert De Niro,Actor,Wallace "Wally" Carter,1996/12/18
9819,Marvin's Room,7668,Hume Cronyn,Actor,Marvin Wakefield,1996/12/18
9819,Marvin's Room,54122,Gwen Verdon,Actor,Ruth Wakefield,1996/12/18
9819,Marvin's Room,69301,Hal Scardino,Actor,Charlie Lacker,1996/12/18
9819,Marvin's Room,6486,Dan Hedaya,Actor,Robert "Bob" Carter,1996/12/18
9819,Marvin's Room,452,Margo Martindale,Actor,Charlotte Samit,1996/12/18
9819,Marvin's Room,38024,Cynthia Nixon,Actor,Retirement Home Director,1996/12/18
9819,Marvin's Room,76096,Kelly Ripa,Actor,Coral,1996/12/18
27205,Inception,525,Christopher Nolan,Director,,2010/7/15
27205,Inception,24045,Joseph Gordon-Levitt,Actor,Arthur,2010/7/15
27205,Inception,3899,Ken Watanabe,Actor,Saito,2010/7/15
27205,Inception,2524,Tom Hardy,Actor,Eames,2010/7/15
27205,Inception,27578,Elliot Page,Actor,Ariadne,2010/7/15
27205,Inception,95697,Dileep Rao,Actor,Yusuf,2010/7/15
27205,Inception,2037,Cillian Murphy,Actor,"Robert Fischer, Jr.",2010/7/15
27205,Inception,13022,Tom Berenger,Actor,Peter Browning,2010/7/15
27205,Inception,8293,Marion Cotillard,Actor,Mal Cobb,2010/7/15
27205,Inception,4935,Pete Postlethwaite,Actor,Maurice Fischer,2010/7/15
27205,Inception,3895,Michael Caine,Actor,Stephen Miles,2010/7/15
12702,Critters 3,73962,Kristine Peterson,Director,,1991/12/11
12702,Critters 3,37007,Aimee Brooks,Actor,Annie,1991/12/11
12702,Critters 3,73960,John Calvin,Actor,Clifford,1991/12/11
12702,Critters 3,169293,Katherine Cortez,Actor,Marcia,1991/12/11
12702,Critters 3,148122,Geoffrey Blake,Actor,Frank Longo,1991/12/11
12702,Critters 3,157986,Diana Bellamy,Actor,Rosalie,1991/12/11
12702,Critters 3,33569,William Dennis Hunt,Actor,Briggs,1991/12/11
12702,Critters 3,11794,Frances Bay,Actor,Mrs. Menges,1991/12/11
12702,Critters 3,16070,Bill Zuckert,Actor,Mr. Menges,1991/12/11
12702,Critters 3,35092,Don Keith Opper,Actor,Charlie McFadden,1991/12/11
12702,Critters 3,73961,Christian Cousins,Actor,Johnny,1991/12/11
896633,Adele One Night Only,572551,Paul Dugdale,Director,,2021/11/14
896633,Adele One Night Only,449538,Adele,Actor,Self,2021/11/14
896633,Adele One Night Only,13309,Oprah Winfrey,Actor,Self,2021/11/14
896633,Adele One Night Only,1661465,Lizzo,Actor,Self,2021/11/14
896633,Adele One Night Only,55536,Melissa McCarthy,Actor,Self,2021/11/14
896633,Adele One Night Only,17773,Gabrielle Union,Actor,Self,2021/11/14
896633,Adele One Night Only,55466,James Corden,Actor,Self,2021/11/14
896633,Adele One Night Only,968922,Dwyane Wade,Actor,Self,2021/11/14
896633,Adele One Night Only,929825,Ava DuVernay,Actor,Self,2021/11/14
896633,Adele One Night Only,19274,Seth Rogen,Actor,Self,2021/11/14
896633,Adele One Night Only,197315,Drake,Actor,Self,2021/11/14
36834,Total Eclipse,1128,Agnieszka Holland,Director,,1995/11/3
36834,Total Eclipse,11207,David Thewlis,Actor,Paul Verlaine,1995/11/3
36834,Total Eclipse,40938,Romane Bohringer,Actor,Mathilde Maute,1995/11/3
36834,Total Eclipse,19068,Dominique Blanc,Actor,Isabelle Rimbaud,1995/11/3
36834,Total Eclipse,150916,Nita Klein,Actor,Rimbaud's Mother,1995/11/3
36834,Total Eclipse,1163055,F¨¦licie Pasotti,Actor,"Isabelle, as a child",1995/11/3
36834,Total Eclipse,46274,James Thierr¨¦e,Actor,Frederic,1995/11/3
36834,Total Eclipse,1163056,Emmanuelle Oppo,Actor,Vitalie,1995/11/3
36834,Total Eclipse,12952,Christopher Hampton,Actor,The Judge,1995/11/3
36834,Total Eclipse,146375,Denise Chalem,Actor,Mrs. Maute De Fleurville,1995/11/3
36834,Total Eclipse,2829,Andrzej Seweryn,Actor,Mr. Maute De Fleurville,1995/11/3
44992,IMAX Hubble,77863,Toni Myers,Director,,2010/3/19
64682,The Great Gatsby,6201,Baz Luhrmann,Director,,2013/5/9
64682,The Great Gatsby,2219,Tobey Maguire,Actor,Nick Carraway,2013/5/9
64682,The Great Gatsby,36662,Carey Mulligan,Actor,Daisy Buchanan,2013/5/9
64682,The Great Gatsby,33192,Joel Edgerton,Actor,Tom Buchanan,2013/5/9
64682,The Great Gatsby,1133349,Elizabeth Debicki,Actor,Jordan Baker,2013/5/9
64682,The Great Gatsby,52848,Isla Fisher,Actor,Myrtle Wilson,2013/5/9
64682,The Great Gatsby,76512,Jason Clarke,Actor,George Wilson,2013/5/9
64682,The Great Gatsby,35780,Amitabh Bachchan,Actor,Meyer Wolfsheim,2013/5/9
64682,The Great Gatsby,236851,Callan McAuliffe,Actor,Teen Jay Gatsby,2013/5/9
64682,The Great Gatsby,205474,Adelaide Clemens,Actor,Catherine,2013/5/9
64682,The Great Gatsby,45211,Steve Bisley,Actor,Dan Cody,2013/5/9
68718,Django Unchained,138,Quentin Tarantino,Director,,2012/12/25
68718,Django Unchained,134,Jamie Foxx,Actor,Django Freeman,2012/12/25
68718,Django Unchained,27319,Christoph Waltz,Actor,Dr. King Schultz,2012/12/25
68718,Django Unchained,11703,Kerry Washington,Actor,Broomhilda von Shaft,2012/12/25
68718,Django Unchained,2231,Samuel L. Jackson,Actor,Stephen,2012/12/25
68718,Django Unchained,27740,Walton Goggins,Actor,Billy Crash,2012/12/25
68718,Django Unchained,27770,Dennis Christopher,Actor,Leonide Moguy,2012/12/25
68718,Django Unchained,1736,James Remar,Actor,Butch Pooch / Ace Speck,2012/12/25
68718,Django Unchained,1067187,David Steen,Actor,Mr. Stonesipher,2012/12/25
68718,Django Unchained,1133063,Dana Gourrier,Actor,Cora,2012/12/25
68718,Django Unchained,1037108,Nichole Galicia,Actor,Sheba,2012/12/25
126314,Final Cut: Ladies and Gentlemen,81078,Gy?rgy P¨¢lfi,Director,,2012/2/4
126314,Final Cut: Ladies and Gentlemen,3783,Brigitte Bardot,Actor,(archive footage),2012/2/4
126314,Final Cut: Ladies and Gentlemen,15135,Alain Delon,Actor,(archive footage),2012/2/4
126314,Final Cut: Ladies and Gentlemen,2310,Bruno Ganz,Actor,(archive footage),2012/2/4
126314,Final Cut: Ladies and Gentlemen,19549,Greta Garbo,Actor,(archive footage),2012/2/4
126314,Final Cut: Ladies and Gentlemen,33741,Rita Hayworth,Actor,(archive footage),2012/2/4
126314,Final Cut: Ladies and Gentlemen,1243,Woody Allen,Actor,(archive footage),2012/2/4
126314,Final Cut: Ladies and Gentlemen,5823,Julie Andrews,Actor,(archive footage),2012/2/4
126314,Final Cut: Ladies and Gentlemen,2963,Nicolas Cage,Actor,(archive footage),2012/2/4
126314,Final Cut: Ladies and Gentlemen,3810,Javier Bardem,Actor,(archive footage),2012/2/4
126314,Final Cut: Ladies and Gentlemen,3084,Marlon Brando,Actor,(archive footage),2012/2/4
88794,J. Edgar,190,Clint Eastwood,Director,,2011/11/9
88794,J. Edgar,53807,Armie Hammer,Actor,Clyde Tolson,2011/11/9
88794,J. Edgar,3489,Naomi Watts,Actor,Helen Gandy,2011/11/9
88794,J. Edgar,6164,Josh Lucas,Actor,Charles Lindbergh,2011/11/9
88794,J. Edgar,52419,Josh Hamilton,Actor,Robert Irwin,2011/11/9
88794,J. Edgar,5309,Judi Dench,Actor,Anna Marie Hoover,2011/11/9
88794,J. Edgar,25879,Geoff Pierson,Actor,Mitchell Palmer,2011/11/9
88794,J. Edgar,113231,Gunner Wright,Actor,Dwight Eisenhower,2011/11/9
88794,J. Edgar,20212,Dermot Mulroney,Actor,Colonel Schwarzkopf,2011/11/9
88794,J. Edgar,481337,Kaitlyn Dever,Actor,Palmer's Daughter,2011/11/9
88794,J. Edgar,1023139,Adam Driver,Actor,Walter Lyle,2011/11/9
334931,Dreams: Cinema of the Subconscious,110879,Roko Belic,Director,,2010/12/7
334931,Dreams: Cinema of the Subconscious,24045,Joseph Gordon-Levitt,Actor,Self,2010/12/7
334931,Dreams: Cinema of the Subconscious,145309,William C. Dement,Actor,Self,2010/12/7
334931,Dreams: Cinema of the Subconscious,525,Christopher Nolan,Actor,Self,2010/12/7
334931,Dreams: Cinema of the Subconscious,2181289,Lynarion Hubbard,Actor,Self,2010/12/7
1157141,Shutter Island: Into the Lighthouse,2366,Dante Ferretti,Actor,Self,2010/6/8
1157141,Shutter Island: Into the Lighthouse,150367,James Gilligan,Actor,Self,2010/6/8
1157141,Shutter Island: Into the Lighthouse,2282,Ben Kingsley,Actor,Self,2010/6/8
1157141,Shutter Island: Into the Lighthouse,4722,Dennis Lehane,Actor,Self,2010/6/8
1157141,Shutter Island: Into the Lighthouse,103,Mark Ruffalo,Actor,Self,2010/6/8
1157141,Shutter Island: Into the Lighthouse,1032,Martin Scorsese,Actor,Self,2010/6/8
1178155,"Stranger Than Fiction: The True Story of Whitey Bulger, Southie and 'The Departed'",1238315,Gidion Phillips,Director,,2007/2/13
1178155,"Stranger Than Fiction: The True Story of Whitey Bulger, Southie and 'The Departed'",1413362,Barbara Toennies,Director,,2007/2/13
1178155,"Stranger Than Fiction: The True Story of Whitey Bulger, Southie and 'The Departed'",18476,Thomas B. Duffy,Actor,Self,2007/2/13
1178155,"Stranger Than Fiction: The True Story of Whitey Bulger, Southie and 'The Departed'",3454192,Shelley Murphy,Actor,Self,2007/2/13
1178155,"Stranger Than Fiction: The True Story of Whitey Bulger, Southie and 'The Departed'",4271222,Brian Wallace,Actor,Self,2007/2/13
1178155,"Stranger Than Fiction: The True Story of Whitey Bulger, Southie and 'The Departed'",1032,Martin Scorsese,Actor,Self,2007/2/13
1178155,"Stranger Than Fiction: The True Story of Whitey Bulger, Southie and 'The Departed'",34510,William Monahan,Actor,Self,2007/2/13
1178155,"Stranger Than Fiction: The True Story of Whitey Bulger, Southie and 'The Departed'",1892,Matt Damon,Actor,Self,2007/2/13
1178155,"Stranger Than Fiction: The True Story of Whitey Bulger, Southie and 'The Departed'",13240,Mark Wahlberg,Actor,Self,2007/2/13
1178155,"Stranger Than Fiction: The True Story of Whitey Bulger, Southie and 'The Departed'",1983070,Kevin Weeks,Actor,Self,2007/2/13
1178155,"Stranger Than Fiction: The True Story of Whitey Bulger, Southie and 'The Departed'",4271225,Emily Sweeney,Actor,Self,2007/2/13
1178155,"Stranger Than Fiction: The True Story of Whitey Bulger, Southie and 'The Departed'",4271226,Thomas McDonnell,Actor,Self,2007/2/13
281957,The Revenant,223,Alejandro Gonz¨¢lez I?¨¢rritu,Director,,2015/12/25
281957,The Revenant,2524,Tom Hardy,Actor,John Fitzgerald,2015/12/25
281957,The Revenant,93210,Domhnall Gleeson,Actor,Captain Andrew Henry,2015/12/25
281957,The Revenant,93491,Will Poulter,Actor,Jim Bridger,2015/12/25
281957,The Revenant,1560185,Forrest Goodluck,Actor,Hawk,2015/12/25
281957,The Revenant,117428,Duane Howard,Actor,Elk Dog,2015/12/25
281957,The Revenant,1839463,Arthur RedCloud,Actor,Hikuc,2015/12/25
281957,The Revenant,2498673,Melaw Nakehk'o,Actor,Powaqa,2015/12/25
281957,The Revenant,1554188,Grace Dove,Actor,Hugh Glass' Wife,2015/12/25
281957,The Revenant,526,Lukas Haas,Actor,Jones,2015/12/25
281957,The Revenant,220448,Paul Anderson,Actor,Anderson,2015/12/25
949439,Shelter from the Storm: A Concert for the Gulf Coast,141525,Matt Lauer,Actor,Self - Host,2005/9/2
949439,Shelter from the Storm: A Concert for the Gulf Coast,4491,Jennifer Aniston,Actor,Self - Presenter,2005/9/2
949439,Shelter from the Storm: A Concert for the Gulf Coast,70851,Jack Black,Actor,Self - Presenter,2005/9/2
949439,Shelter from the Storm: A Concert for the Gulf Coast,1896,Don Cheadle,Actor,Self - Presenter,2005/9/2
949439,Shelter from the Storm: A Concert for the Gulf Coast,6194,Claire Danes,Actor,Self - Presenter,2005/9/2
949439,Shelter from the Storm: A Concert for the Gulf Coast,6941,Cameron Diaz,Actor,Self - Presenter,2005/9/2
949439,Shelter from the Storm: A Concert for the Gulf Coast,1205,Richard Gere,Actor,Self - Presenter,2005/9/2
949439,Shelter from the Storm: A Concert for the Gulf Coast,1230,John Goodman,Actor,Self - Presenter,2005/9/2
949439,Shelter from the Storm: A Concert for the Gulf Coast,4726,Marcia Gay Harden,Actor,Self - Presenter,2005/9/2
949439,Shelter from the Storm: A Concert for the Gulf Coast,23628,Eriq La Salle,Actor,Self - Presenter,2005/9/2
1237162,Titanic: Stories from the Heart,1042212,Thomas C. Grane,Director,,2023/12/5
1237162,Titanic: Stories from the Heart,1192052,Ed W. Marsh,Director,,2023/12/5
1237162,Titanic: Stories from the Heart,204,Kate Winslet,Actor,Self / Rose DeWitt Bukater,2023/12/5
1237162,Titanic: Stories from the Heart,2710,James Cameron,Actor,Self,2023/12/5
1237162,Titanic: Stories from the Heart,8529,Jon Landau,Actor,Self,2023/12/5
1237162,Titanic: Stories from the Heart,1954,Billy Zane,Actor,Self / Cal Hockley (archive footage),2023/12/5
1237162,Titanic: Stories from the Heart,8534,Kathy Bates,Actor,Self / Molly Brown (archive footage),2023/12/5
1237162,Titanic: Stories from the Heart,8536,Victor Garber,Actor,Self / Thomas Andrews (archive footage),2023/12/5
1038873,Earth to America,74159,Robert B. Weide,Director,,2005/11/20
1038873,Earth to America,6737,Jay Roach,Director,,2005/11/20
1038873,Earth to America,1592610,Ron de Moraes,Director,,2005/11/20
1038873,Earth to America,31,Tom Hanks,Actor,Self,2005/11/20
1038873,Earth to America,1206,Jason Alexander,Actor,self,2005/11/20
1038873,Earth to America,70851,Jack Black,Actor,Self,2005/11/20
1038873,Earth to America,5726,Cedric the Entertainer,Actor,Self,2005/11/20
1038873,Earth to America,16376,Larry David,Actor,Self,2005/11/20
1038873,Earth to America,23659,Will Ferrell,Actor,George W. Bush,2005/11/20
1038873,Earth to America,60017,Faith Hill,Actor,Self,2005/11/20
1038873,Earth to America,4483,Dustin Hoffman,Actor,Self,2005/11/20
1038873,Earth to America,28633,Richard Jenkins,Actor,Self,2005/11/20
1038873,Earth to America,15899,Jenifer Lewis,Actor,Self,2005/11/20
1215289,"Martin Scorsese, l'Italo-Am¨¦ricain",3116381,Yal Sadat,Director,,2023/12/8
1215289,"Martin Scorsese, l'Italo-Am¨¦ricain",2856342,Camille Juza,Director,,2023/12/8
1215289,"Martin Scorsese, l'Italo-Am¨¦ricain",1032,Martin Scorsese,Actor,Self,2023/12/8
1215289,"Martin Scorsese, l'Italo-Am¨¦ricain",380,Robert De Niro,Actor,Self,2023/12/8
1215289,"Martin Scorsese, l'Italo-Am¨¦ricain",1037,Harvey Keitel,Actor,Self,2023/12/8
1215289,"Martin Scorsese, l'Italo-Am¨¦ricain",4517,Joe Pesci,Actor,Self,2023/12/8
1215289,"Martin Scorsese, l'Italo-Am¨¦ricain",11483,Catherine Scorsese,Actor,Self,2023/12/8
1215289,"Martin Scorsese, l'Italo-Am¨¦ricain",1006721,Charles Scorsese,Actor,Self,2023/12/8
1215289,"Martin Scorsese, l'Italo-Am¨¦ricain",1776,Francis Ford Coppola,Actor,Self,2023/12/8
1215289,"Martin Scorsese, l'Italo-Am¨¦ricain",488,Steven Spielberg,Actor,Self,2023/12/8
1215289,"Martin Scorsese, l'Italo-Am¨¦ricain",1,George Lucas,Actor,Self,2023/12/8
1215289,"Martin Scorsese, l'Italo-Am¨¦ricain",11477,Ray Liotta,Actor,Self,2023/12/8
80848,The Love We Make,1418,Albert Maysles,Director,,2011/9/10
80848,The Love We Make,150989,Bradley Kaplan,Director,,2011/9/10
80848,The Love We Make,10215,Paul McCartney,Actor,Self,2011/9/10
80848,The Love We Make,7487,David Bowie,Actor,Self,2011/9/10
80848,The Love We Make,206,Jim Carrey,Actor,Self,2011/9/10
80848,The Love We Make,2585,Eric Clapton,Actor,Self,2011/9/10
80848,The Love We Make,116341,Bill Clinton,Actor,Self,2011/9/10
80848,The Love We Make,7904,Billy Crystal,Actor,Self,2011/9/10
80848,The Love We Make,11669,Jimmy Fallon,Actor,Self,2011/9/10
80848,The Love We Make,3,Harrison Ford,Actor,Self,2011/9/10
80848,The Love We Make,521,Michael J. Fox,Actor,Self,2011/9/10
80848,The Love We Make,23659,Will Ferrell,Actor,Self,2011/9/10
75009,The Concert for New York City,94270,Louis J. Horvitz,Director,,2001/10/20
75009,The Concert for New York City,1243,Woody Allen,Director,,2001/10/20
75009,The Concert for New York City,12833,Edward Burns,Director,,2001/10/20
75009,The Concert for New York City,91394,Ric Burns,Director,,2001/10/20
75009,The Concert for New York City,85357,Christian Charles,Director,,2001/10/20
75009,The Concert for New York City,5281,Spike Lee,Director,,2001/10/20
75009,The Concert for New York City,1032,Martin Scorsese,Director,,2001/10/20
75009,The Concert for New York City,19303,Kevin Smith,Director,,2001/10/20
75009,The Concert for New York City,71791,Billy Joel,Actor,Self,2001/10/20
75009,The Concert for New York City,7487,David Bowie,Actor,Self,2001/10/20
75009,The Concert for New York City,2585,Eric Clapton,Actor,Self,2001/10/20
75009,The Concert for New York City,11370,Elton John,Actor,Self,2001/10/20
75009,The Concert for New York City,10215,Paul McCartney,Actor,Self,2001/10/20
75009,The Concert for New York City,1428,Mick Jagger,Actor,Self,2001/10/20
75009,The Concert for New York City,82602,Nick Carter,Actor,Self - Backstreet Boys,2001/10/20
75009,The Concert for New York City,82604,Howie Dorough,Actor,Self - Backstreet Boys,2001/10/20
75009,The Concert for New York City,82601,Brian Littrell,Actor,Self - Backstreet Boys,2001/10/20
75009,The Concert for New York City,82603,AJ McLean,Actor,Self - Backstreet Boys,2001/10/20
1242980,Nos Bastidores de Hollywood,4527818,M¨¢rio Augusto,Actor,Self,2005/3/1
1242980,Nos Bastidores de Hollywood,3131,Antonio Banderas,Actor,Self,2005/3/1
1242980,Nos Bastidores de Hollywood,1158,Al Pacino,Actor,Self,2005/3/1
1242980,Nos Bastidores de Hollywood,31,Tom Hanks,Actor,Self,2005/3/1
1242980,Nos Bastidores de Hollywood,2157,Robin Williams,Actor,Self,2005/3/1
1242980,Nos Bastidores de Hollywood,11701,Angelina Jolie,Actor,Self,2005/3/1
1242980,Nos Bastidores de Hollywood,85,Johnny Depp,Actor,Self,2005/3/1
1242980,Nos Bastidores de Hollywood,934,Russell Crowe,Actor,Self,2005/3/1
1242980,Nos Bastidores de Hollywood,1461,George Clooney,Actor,Self,2005/3/1
1242980,Nos Bastidores de Hollywood,8891,John Travolta,Actor,Self,2005/3/1
365717,The Audition,1032,Martin Scorsese,Director,,2015/10/3
365717,The Audition,380,Robert De Niro,Actor,Self,2015/10/3
365717,The Audition,287,Brad Pitt,Actor,Self,2015/10/3
365717,The Audition,1032,Martin Scorsese,Actor,Self,2015/10/3
365717,The Audition,275,Rodrigo Prieto,Actor,Self,2015/10/3
365717,The Audition,221810,K.K. Moggie,Actor,Dealer,2015/10/3
365717,The Audition,1783922,Ron Nakahara,Actor,Maitre D',2015/10/3
365717,The Audition,1610941,Lyman Chen,Actor,Waiter,2015/10/3
365717,The Audition,1203261,Robert 'Toshi' Kar Yuen Chan,Actor,Good Looking Guy #1,2015/10/3
365717,The Audition,1452000,Johnny M. Wu,Actor,Good Looking Guy #2,2015/10/3
365717,The Audition,2040397,Eric Elizaga,Actor,Good Looking Guy #3,2015/10/3
149922,12-12-12 | The Concert for Sandy Relief,1260840,Michael Dempsey,Director,,2012/12/12
149922,12-12-12 | The Concert for Sandy Relief,2585,Eric Clapton,Actor,Self,2012/12/12
149922,12-12-12 | The Concert for Sandy Relief,71791,Billy Joel,Actor,Self,2012/12/12
149922,12-12-12 | The Concert for Sandy Relief,72208,Alicia Keys,Actor,Self,2012/12/12
149922,12-12-12 | The Concert for Sandy Relief,3284,Bruce Springsteen,Actor,Self,2012/12/12
149922,12-12-12 | The Concert for Sandy Relief,67273,Roger Waters,Actor,Self,2012/12/12
149922,12-12-12 | The Concert for Sandy Relief,10215,Paul McCartney,Actor,Self,2012/12/12
149922,12-12-12 | The Concert for Sandy Relief,4720,Ye,Actor,Self,2012/12/12
149922,12-12-12 | The Concert for Sandy Relief,32362,Jon Bon Jovi,Actor,Self,2012/12/12
149922,12-12-12 | The Concert for Sandy Relief,47096,Roger Daltrey,Actor,Self,2012/12/12
149922,12-12-12 | The Concert for Sandy Relief,111402,Richie Sambora,Actor,Self,2012/12/12
1188208,Crossing Criminal Cultures,1032,Martin Scorsese,Actor,Self,2007/2/13
1188208,Crossing Criminal Cultures,2539790,Peter Travers,Actor,Self,2007/2/13
1188208,Crossing Criminal Cultures,18476,Thomas B. Duffy,Actor,Self,2007/2/13
1188208,Crossing Criminal Cultures,2900695,Louis B. Schlesinger,Actor,Self,2007/2/13
1188208,Crossing Criminal Cultures,4776075,Patrick Nee,Actor,Self,2007/2/13
1188208,Crossing Criminal Cultures,4314490,Kevin Cullen,Actor,Self,2007/2/13
1188208,Crossing Criminal Cultures,7447,Alec Baldwin,Actor,Self,2007/2/13
1188208,Crossing Criminal Cultures,1892,Matt Damon,Actor,Self,2007/2/13
410718,Before the Flood,26473,Fisher Stevens,Director,,2016/10/21
410718,Before the Flood,116341,Bill Clinton,Actor,Self,2016/10/21
410718,Before the Flood,113460,John Kerry,Actor,Self,2016/10/21
410718,Before the Flood,102786,Barack Obama,Actor,Self,2016/10/21
410718,Before the Flood,57563,Elon Musk,Actor,Self,2016/10/21
410718,Before the Flood,1523704,Pope Francis,Actor,Self,2016/10/21
410718,Before the Flood,1364815,Ban Ki-moon,Actor,Self,2016/10/21
410718,Before the Flood,223,Alejandro Gonz¨¢lez I?¨¢rritu,Actor,Self,2016/10/21
410718,Before the Flood,1702101,Michael Brune,Actor,Self,2016/10/21
410718,Before the Flood,1702104,Marc Mageau,Actor,Self,2016/10/21
410718,Before the Flood,1702111,Enric Sala,Actor,Self,2016/10/21
466420,Killers of the Flower Moon,1032,Martin Scorsese,Director,,2023/10/18
466420,Killers of the Flower Moon,380,Robert De Niro,Actor,William Hale,2023/10/18
466420,Killers of the Flower Moon,1183917,Lily Gladstone,Actor,Mollie Burkhart,2023/10/18
466420,Killers of the Flower Moon,88124,Jesse Plemons,Actor,Tom White,2023/10/18
466420,Killers of the Flower Moon,7863,Tantoo Cardinal,Actor,Lizzie Q,2023/10/18
466420,Killers of the Flower Moon,12074,John Lithgow,Actor,Prosecutor Peter Leaward,2023/10/18
466420,Killers of the Flower Moon,18269,Brendan Fraser,Actor,W.S. Hamilton,2023/10/18
466420,Killers of the Flower Moon,3006897,Cara Jade Myers,Actor,Anna,2023/10/18
466420,Killers of the Flower Moon,3006898,JaNae Collins,Actor,Reta,2023/10/18
466420,Killers of the Flower Moon,2698946,Jillian Dion,Actor,Minnie,2023/10/18
466420,Killers of the Flower Moon,1310349,Jason Isbell,Actor,Bill Smith,2023/10/18
467062,Spielberg,1037780,Susan Lacy,Director,,2017/10/5
467062,Spielberg,488,Steven Spielberg,Actor,Self,2017/10/5
467062,Spielberg,1032,Martin Scorsese,Actor,Self,2017/10/5
467062,Spielberg,3037,Richard Dreyfuss,Actor,Self,2017/10/5
467062,Spielberg,1776,Francis Ford Coppola,Actor,Self,2017/10/5
467062,Spielberg,31,Tom Hanks,Actor,Self,2017/10/5
467062,Spielberg,15344,J.J. Abrams,Actor,Self,2017/10/5
467062,Spielberg,112,Cate Blanchett,Actor,Self,2017/10/5
467062,Spielberg,69597,Drew Barrymore,Actor,Self,2017/10/5
467062,Spielberg,8784,Daniel Craig,Actor,Self,2017/10/5
467062,Spielberg,11856,Daniel Day-Lewis,Actor,Self,2017/10/5
9264,Poison Ivy,102634,Katt Shea,Director,,1992/5/8
9264,Poison Ivy,69597,Drew Barrymore,Actor,Ivy,1992/5/8
9264,Poison Ivy,3282,Sara Gilbert,Actor,Sylvie Cooper,1992/5/8
9264,Poison Ivy,4139,Tom Skerritt,Actor,Darryl Cooper,1992/5/8
9264,Poison Ivy,36169,Cheryl Ladd,Actor,Georgie Cooper,1992/5/8
9264,Poison Ivy,1219601,Jeanne Sakata,Actor,Isabelle,1992/5/8
9264,Poison Ivy,85421,Time Winters,Actor,Old Man,1992/5/8
9264,Poison Ivy,1217488,Alan Stock,Actor,Bob,1992/5/8
9264,Poison Ivy,2461564,E.J. Moore,Actor,Kid,1992/5/8
9264,Poison Ivy,1236477,J.B. Quon,Actor,Another Kid,1992/5/8
9264,Poison Ivy,3247418,Michael Goldner,Actor,Man in Car,1992/5/8
4832,The 11th Hour,39647,Nadia Conners,Director,,2007/8/17
4832,The 11th Hour,39648,Leila Conners,Director,,2007/8/17
4832,The 11th Hour,39652,Kenny Ausubel,Actor,Self,2007/8/17
4832,The 11th Hour,39654,Sylvia Earle,Actor,Self,2007/8/17
4832,The 11th Hour,237532,John Trudell,Actor,Self,2007/8/17
4832,The 11th Hour,230553,Wangari Maathai,Actor,Self,2007/8/17
4832,The 11th Hour,1205373,Oren R. Lyons,Actor,Self,2007/8/17
4832,The 11th Hour,586100,David Suzuki,Actor,Self,2007/8/17
4832,The 11th Hour,39657,Stephen Hawking,Actor,Self,2007/8/17
4832,The 11th Hour,39653,Janine Benyus,Actor,Self,2007/8/17
4832,The 11th Hour,39655,Gloria Flora,Actor,Self,2007/8/17
4832,The 11th Hour,39656,Michel Gelobter,Actor,Self,2007/8/17
379053,A World Unseen: 'The Revenant',1194206,Eliot Rausch,Director,,2016/1/21
379053,A World Unseen: 'The Revenant',223,Alejandro Gonz¨¢lez I?¨¢rritu,Actor,Self,2016/1/21
379053,A World Unseen: 'The Revenant',1560185,Forrest Goodluck,Actor,Self,2016/1/21
379053,A World Unseen: 'The Revenant',117428,Duane Howard,Actor,Self,2016/1/21
379053,A World Unseen: 'The Revenant',1839463,Arthur RedCloud,Actor,Self,2016/1/21
329216,The Foot Shooting Party,119310,Annette Haywood-Carter,Director,,1994/1/1
329216,The Foot Shooting Party,28410,Jake Busey,Actor,Tree,1994/1/1
329216,The Foot Shooting Party,3039,Bradley Gregg,Actor,Uncle Rose,1994/1/1
329216,The Foot Shooting Party,92843,Darin Heames,Actor,Mandrake,1994/1/1
329216,The Foot Shooting Party,4688,Michael Rapaport,Actor,Lizard,1994/1/1
329216,The Foot Shooting Party,105000,Merle Kennedy,Actor,Susan,1994/1/1
329216,The Foot Shooting Party,33677,Sarah Lassez,Actor,Debbie,1994/1/1
329216,The Foot Shooting Party,163869,Robin Swid,Actor,Dot,1994/1/1
459682,Catch Me If You Can: Behind the Camera,936584,Laurent Bouzereau,Director,,2003/5/6
459682,Catch Me If You Can: Behind the Camera,9261,Frank Abagnale Jr.,Actor,Self,2003/5/6
459682,Catch Me If You Can: Behind the Camera,488,Steven Spielberg,Actor,Self,2003/5/6
459682,Catch Me If You Can: Behind the Camera,2689,Jeff Nathanson,Actor,Self,2003/5/6
459682,Catch Me If You Can: Behind the Camera,2212,Walter F. Parkes,Actor,Self,2003/5/6
459682,Catch Me If You Can: Behind the Camera,31,Tom Hanks,Actor,Self,2003/5/6
459682,Catch Me If You Can: Behind the Camera,9269,Jeannine Oppewall,Actor,Self,2003/5/6
459682,Catch Me If You Can: Behind the Camera,1378687,Steven Melton,Actor,Self,2003/5/6
459682,Catch Me If You Can: Behind the Camera,7418,Mary Zophres,Actor,Self,2003/5/6
459682,Catch Me If You Can: Behind the Camera,492,Janusz Kami¨½ski,Actor,Self,2003/5/6
459682,Catch Me If You Can: Behind the Camera,1249773,Lois Burwell,Actor,Self,2003/5/6
37857,Don's Plum,12711,R.D. Robb,Director,,2002/9/5
37857,Don's Plum,83188,Scott Bloom,Actor,Brad,2002/9/5
37857,Don's Plum,16666,Kevin Connolly,Actor,Jeremy,2002/9/5
37857,Don's Plum,2219,Tobey Maguire,Actor,Ian,2002/9/5
37857,Don's Plum,91415,Jenny Lewis,Actor,Sara,2002/9/5
37857,Don's Plum,76760,Meadow Sisto,Actor,Juliet,2002/9/5
37857,Don's Plum,27727,Marissa Ribisi,Actor,Tracy,2002/9/5
37857,Don's Plum,35468,Amber Benson,Actor,Amy,2002/9/5
37857,Don's Plum,23958,Jeremy Sisto,Actor,Bernard,2002/9/5
37857,Don's Plum,84708,Toledo Diamond,Actor,Acid Jazz Artist,2002/9/5
37857,Don's Plum,154207,Kiva Dawson,Actor,Dancer,2002/9/5
213362,Reflections on Titanic,1192052,Ed W. Marsh,Director,,2012/9/10
213362,Reflections on Titanic,2710,James Cameron,Actor,Self,2012/9/10
213362,Reflections on Titanic,204,Kate Winslet,Actor,Self,2012/9/10
213362,Reflections on Titanic,8529,Jon Landau,Actor,Self,2012/9/10
213362,Reflections on Titanic,1204324,Joseph McBride,Actor,Self,2012/9/10
213362,Reflections on Titanic,8534,Kathy Bates,Actor,Self,2012/9/10
213362,Reflections on Titanic,1029818,Don Lynch,Actor,Self,2012/9/10
213362,Reflections on Titanic,2179,Suzy Amis,Actor,Self,2012/9/10
213362,Reflections on Titanic,1406683,Ken Marschall,Actor,Self,2012/9/10
213362,Reflections on Titanic,2053,Bill Paxton,Actor,Self,2012/9/10
213362,Reflections on Titanic,1954,Billy Zane,Actor,Self,2012/9/10
466272,Once Upon a Time... in Hollywood,138,Quentin Tarantino,Director,,2019/7/24
466272,Once Upon a Time... in Hollywood,287,Brad Pitt,Actor,Cliff Booth,2019/7/24
466272,Once Upon a Time... in Hollywood,234352,Margot Robbie,Actor,Sharon Tate,2019/7/24
466272,Once Upon a Time... in Hollywood,46593,Emile Hirsch,Actor,Jay Sebring,2019/7/24
466272,Once Upon a Time... in Hollywood,1392137,Margaret Qualley,Actor,'Pussycat',2019/7/24
466272,Once Upon a Time... in Hollywood,18082,Timothy Olyphant,Actor,Jim Stacy,2019/7/24
466272,Once Upon a Time... in Hollywood,1651362,Julia Butters,Actor,Trudi Fraser,2019/7/24
466272,Once Upon a Time... in Hollywood,86654,Austin Butler,Actor,'Tex',2019/7/24
466272,Once Upon a Time... in Hollywood,501,Dakota Fanning,Actor,'Squeaky',2019/7/24
466272,Once Upon a Time... in Hollywood,6905,Bruce Dern,Actor,George Spahn,2019/7/24
466272,Once Upon a Time... in Hollywood,1324443,Mike Moh,Actor,Bruce Lee,2019/7/24
599379,Ice on Fire,39648,Leila Conners,Director,,2019/6/23
599379,Ice on Fire,2354470,Jennifer Frances Morse,Actor,Self,2019/6/23
599379,Ice on Fire,2354471,Patricia Lang,Actor,Self,2019/6/23
599379,Ice on Fire,1601185,Pieter Tans,Actor,Self,2019/6/23
599379,Ice on Fire,2354472,Jim White,Actor,Self,2019/6/23
599379,Ice on Fire,2352240,Thom Hartmann,Actor,Self,2019/6/23
599379,Ice on Fire,1702118,Michael E. Mann,Actor,Self,2019/6/23
599379,Ice on Fire,2354473,Guemundur Ingi Guebrandsson,Actor,Self,2019/6/23
599379,Ice on Fire,2354474,Catherine Lund Myhre,Actor,Self,2019/6/23
599379,Ice on Fire,2354477,Peter Wadhams,Actor,Self,2019/6/23
599379,Ice on Fire,2354478,Elizabeth Brown,Actor,Self,2019/6/23
642488,"Mickey's Safety Club: Street Safe, Street Smart",2440560,Gino Ricotta,Director,,1989/9/1
642488,"Mickey's Safety Club: Street Safe, Street Smart",16418,Casey Kasem,Actor,Additional Voices (voice),1989/9/1
642488,"Mickey's Safety Club: Street Safe, Street Smart",15831,Frank Welker,Actor,Additional Voices (voice),1989/9/1
642488,"Mickey's Safety Club: Street Safe, Street Smart",19545,Jack Angel,Actor,Additional Voices (voice),1989/9/1
376478,X-Girl,17246,Phil Morrison,Director,,1995/1/1
376478,X-Girl,2163449,Rita Ackermann,Actor,,1995/1/1
376478,X-Girl,2838,Chlo? Sevigny,Actor,,1995/1/1
376478,X-Girl,2163452,Pumpkin Wentzel,Actor,,1995/1/1
376478,X-Girl,2163453,Ryan Sikobki,Actor,trade boy,1995/1/1
376478,X-Girl,2163454,Jan Dikkers,Actor,photographer,1995/1/1
376478,X-Girl,18517,Kim Gordon,Actor,interviewer,1995/1/1
376478,X-Girl,2107265,Anne Ok,Actor,model,1995/1/1
376478,X-Girl,1884122,Laura Ballance,Actor,photo assistant,1995/1/1
376478,X-Girl,2163455,Jennifer Waverick,Actor,elegant woman,1995/1/1
376478,X-Girl,2163456,Rob von Furth,Actor,dead man,1995/1/1
696842,Scorsese's GoodFellas,11478,Lorraine Bracco,Actor,Self,2015/5/5
696842,Scorsese's GoodFellas,380,Robert De Niro,Actor,Self,2015/5/5
696842,Scorsese's GoodFellas,1037,Harvey Keitel,Actor,Self,2015/5/5
696842,Scorsese's GoodFellas,11477,Ray Liotta,Actor,Self,2015/5/5
696842,Scorsese's GoodFellas,7163,Nicholas Pileggi,Actor,Self,2015/5/5
696842,Scorsese's GoodFellas,3661,Thelma Schoonmaker,Actor,Self,2015/5/5
696842,Scorsese's GoodFellas,1032,Martin Scorsese,Actor,Self,2015/5/5
696842,Scorsese's GoodFellas,11472,Irwin Winkler,Actor,Self,2015/5/5
696842,Scorsese's GoodFellas,62635,Terence Winter,Actor,Self,2015/5/5
669983,Teslafy Me,2322849,Janja Glogovac,Director,,2019/11/1
669983,Teslafy Me,1060565,Marina Abramovi?,Actor,Self,2019/11/1
669983,Teslafy Me,2618605,Branko Terzi?,Actor,Self,2019/11/1
669983,Teslafy Me,2618606,Gramatik,Actor,Self,2019/11/1
402970,Notes on an American Film Director at Work,1092208,Jonas Mekas,Director,,2008/1/1
402970,Notes on an American Film Director at Work,1092208,Jonas Mekas,Actor,Self,2008/1/1
402970,Notes on an American Film Director at Work,1032,Martin Scorsese,Actor,Self,2008/1/1
402970,Notes on an American Film Director at Work,5538,Ray Winstone,Actor,Self,2008/1/1
402970,Notes on an American Film Director at Work,8349,Martin Sheen,Actor,Self,2008/1/1
402970,Notes on an American Film Director at Work,7531,Joseph P. Reidy,Actor,Self,2008/1/1
402970,Notes on an American Film Director at Work,3769,Michael Ballhaus,Actor,Self,2008/1/1
402970,Notes on an American Film Director at Work,1402039,Martha Pinson,Actor,Self,2008/1/1
402970,Notes on an American Film Director at Work,1402040,Larry Kaplan,Actor,Self,2008/1/1
402970,Notes on an American Film Director at Work,9178,Kristi Zea,Actor,Self,2008/1/1
402970,Notes on an American Film Director at Work,2639084,Freida Orange,Actor,Self,2008/1/1
621751,And We Go Green,103150,Malcolm Venville,Director,,2019/5/23
621751,And We Go Green,26473,Fisher Stevens,Director,,2019/5/23
621751,And We Go Green,2692466,Sam Bird,Actor,Self,2019/5/23
621751,And We Go Green,2169151,Nelson Piquet Jr.,Actor,Self,2019/5/23
621751,And We Go Green,2636124,Jean-¨¦ric Vergne,Actor,Self,2019/5/23
621751,And We Go Green,2785114,Hazel Southwell,Actor,Self,2019/5/23
621751,And We Go Green,2592643,Lucas di Grassi,Actor,Self,2019/5/23
621751,And We Go Green,1906016,Alejandro Agag,Actor,Self,2019/5/23
621751,And We Go Green,3179831,Jules Bianchi,Actor,Self (archive footage),2019/5/23
621751,And We Go Green,114,Orlando Bloom,Actor,Self,2019/5/23
621751,And We Go Green,1523704,Pope Francis,Actor,Self,2019/5/23
621751,And We Go Green,1826896,Andr¨¦ Lotterer,Actor,Self,2019/5/23
36863,Everything's Cool,1062364,Judith Helfand,Director,,2007/1/1
36863,Everything's Cool,944538,Daniel B. Gold,Director,,2007/1/1
36863,Everything's Cool,944538,Daniel B. Gold,Actor,Narrator (voice),2007/1/1
36863,Everything's Cool,2830394,Ross Gelbspan,Actor,Self,2007/1/1
36863,Everything's Cool,971346,Bill McKibben,Actor,Self,2007/1/1
36863,Everything's Cool,2830395,John 'Bish' Neuhauser,Actor,Self,2007/1/1
36863,Everything's Cool,2830396,Ted Nordhaus,Actor,Self,2007/1/1
36863,Everything's Cool,2830397,Rick Piltz,Actor,Self,2007/1/1
36863,Everything's Cool,1181379,Michael Shellenberger,Actor,Self,2007/1/1
36863,Everything's Cool,2830398,Sheila Watt-Cloutier,Actor,Self,2007/1/1
36863,Everything's Cool,146687,Tony Blair,Actor,Self (archive footage),2007/1/1
36863,Everything's Cool,117180,Tom Brokaw,Actor,Self (archive footage),2007/1/1
646380,Don't Look Up,55710,Adam McKay,Director,,2021/12/8
646380,Don't Look Up,72129,Jennifer Lawrence,Actor,Kate Dibiasky,2021/12/8
646380,Don't Look Up,5064,Meryl Streep,Actor,President Orlean,2021/12/8
646380,Don't Look Up,112,Cate Blanchett,Actor,Brie Evantee,2021/12/8
646380,Don't Look Up,1281250,Rob Morgan,Actor,Dr. Teddy Oglethorpe,2021/12/8
646380,Don't Look Up,21007,Jonah Hill,Actor,Jason Orlean,2021/12/8
646380,Don't Look Up,40900,Mark Rylance,Actor,Peter Isherwell,2021/12/8
646380,Don't Look Up,80602,Tyler Perry,Actor,Jack Bremmer,2021/12/8
646380,Don't Look Up,1190668,Timoth¨¦e Chalamet,Actor,Yule,2021/12/8
646380,Don't Look Up,2372,Ron Perlman,Actor,Benedict Drask,2021/12/8
646380,Don't Look Up,226001,Ariana Grande,Actor,Riley Bina,2021/12/8
792166,Leonardo DiCaprio: Most Wanted!,2149773,Henrike Sandner,Director,,2021/1/29
792166,Leonardo DiCaprio: Most Wanted!,2996859,Brigitte Steinmetz,Actor,Self,2021/1/29
792166,Leonardo DiCaprio: Most Wanted!,30365,Michael Caton-Jones,Actor,Self - Filmmaker,2021/1/29
792166,Leonardo DiCaprio: Most Wanted!,2389156,Katja Nicodemus,Actor,Self,2021/1/29
792166,Leonardo DiCaprio: Most Wanted!,2996862,Tim Cogshell,Actor,Self,2021/1/29
792166,Leonardo DiCaprio: Most Wanted!,1128,Agnieszka Holland,Actor,Self - Filmmaker,2021/1/29
792166,Leonardo DiCaprio: Most Wanted!,1032,Martin Scorsese,Actor,Self - Filmmaker (archive footage),2021/1/29
792166,Leonardo DiCaprio: Most Wanted!,164954,David Nathan,Actor,Narrator,2021/1/29
795859,kid 90,116436,Soleil Moon Frye,Director,,2021/3/12
795859,kid 90,116436,Soleil Moon Frye,Actor,Self,2021/3/12
795859,kid 90,15234,David Arquette,Actor,Self,2021/3/12
795859,kid 90,10822,Stephen Dorff,Actor,Self,2021/3/12
795859,kid 90,9296,Balthazar Getty,Actor,Self,2021/3/12
795859,kid 90,19184,Mark-Paul Gosselaar,Actor,Self,2021/3/12
795859,kid 90,19148,Brian Austin Green,Actor,Self,2021/3/12
795859,kid 90,2973531,Tori Leonard,Actor,Self,2021/3/12
795859,kid 90,22248,Heather McComb,Actor,Self,2021/3/12
795859,kid 90,106843,Buzz Aldrin,Actor,Self (archive footage),2021/3/12
795859,kid 90,6715,Dana Ashbrook,Actor,Self (archive footage),2021/3/12
631143,QT8: The First Eight,1188493,Tara Wood,Director,,2019/10/21
631143,QT8: The First Eight,138,Quentin Tarantino,Actor,Self (archive footage),2019/10/21
631143,QT8: The First Eight,20494,Zo? Bell,Actor,Self,2019/10/21
631143,QT8: The First Eight,1091199,Louis Black,Actor,Self,2019/10/21
631143,QT8: The First Eight,6905,Bruce Dern,Actor,Self,2019/10/21
631143,QT8: The First Eight,5694,Robert Forster,Actor,Self,2019/10/21
631143,QT8: The First Eight,134,Jamie Foxx,Actor,Self,2019/10/21
631143,QT8: The First Eight,12997,Richard N. Gladstein,Actor,Self,2019/10/21
631143,QT8: The First Eight,10431,Jennifer Jason Leigh,Actor,Self,2019/10/21
631143,QT8: The First Eight,9824,Diane Kruger,Actor,Self,2019/10/21
631143,QT8: The First Eight,140,Lucy Liu,Actor,Self,2019/10/21
259465,The Wolf Pack,1413362,Barbara Toennies,Director,,2014/3/20
259465,The Wolf Pack,1027545,Riza Aziz,Actor,Self,2014/3/20
259465,The Wolf Pack,3497,Kyle Chandler,Actor,Self,2014/3/20
259465,The Wolf Pack,15277,Jon Favreau,Actor,Self,2014/3/20
259465,The Wolf Pack,21007,Jonah Hill,Actor,Self,2014/3/20
259465,The Wolf Pack,45648,Emma Tillinger Koskoff,Actor,Self,2014/3/20
259465,The Wolf Pack,1027550,Joey McFarland,Actor,Self,2014/3/20
259465,The Wolf Pack,9027,Sandy Powell,Actor,Self,2014/3/20
259465,The Wolf Pack,3026,Rob Reiner,Actor,Self,2014/3/20
259465,The Wolf Pack,234352,Margot Robbie,Actor,Self,2014/3/20
259465,The Wolf Pack,1032,Martin Scorsese,Actor,Self,2014/3/20
818082,The Savior for Sale,1932996,Antoine Vitkine,Director,,2021/11/25
818082,The Savior for Sale,1678375,Robert Simon,Actor,Self / The Merchant #1,2021/11/25
818082,The Savior for Sale,3202303,Basil Hendry,Actor,Self - Son of the Painting's Owner (voice),2021/11/25
818082,The Savior for Sale,3202306,Dianne Dwyer Modestini,Actor,Self - Painting Conservator,2021/11/25
818082,The Savior for Sale,3202309,Luke Syson,Actor,Self / The Curator,2021/11/25
818082,The Savior for Sale,220726,Martin Kemp,Actor,Self / The Expert,2021/11/25
818082,The Savior for Sale,3202325,Matthew Landrus,Actor,Self / The Researcher,2021/11/25
818082,The Savior for Sale,3202327,Scott Reyburn,Actor,Self / The Journalist,2021/11/25
818082,The Savior for Sale,3202335,Warren Adelson,Actor,Self / The Merchant #2,2021/11/25
818082,The Savior for Sale,3202337,Nicolas Joly,Actor,Self - Former Shoteby's France VP,2021/11/25
818082,The Savior for Sale,3202342,Dmitry Rybolovlev,Actor,Self / The Oligarch,2021/11/25
656423,Portrait of Leonardo: The Kid Who Took Hollywood,5310201,Chris Chase,Director,,1998/5/16
402967,Koko: The Gorilla Who Talks to People,1716234,Jonathan Taylor,Director,,2016/6/15
402967,Koko: The Gorilla Who Talks to People,216425,Bertie Carvel,Actor,Narrator (voice),2016/6/15
402967,Koko: The Gorilla Who Talks to People,150071,Penny Patterson,Actor,Self,2016/6/15
402967,Koko: The Gorilla Who Talks to People,2157,Robin Williams,Actor,Self,2016/6/15
402967,Koko: The Gorilla Who Talks to People,1364939,Koko,Actor,Self,2016/6/15
402967,Koko: The Gorilla Who Talks to People,39624,Peter Gabriel,Actor,Self,2016/6/15
402967,Koko: The Gorilla Who Talks to People,6588,Isabella Rossellini,Actor,Self,2016/6/15
402967,Koko: The Gorilla Who Talks to People,1748,William Shatner,Actor,Self,2016/6/15
402967,Koko: The Gorilla Who Talks to People,982,Sting,Actor,Self,2016/6/15
1294299,Leonardo: King of the World,4730211,Jeffrey E. Davis,Director,,1998/8/4
1294299,Leonardo: King of the World,4730215,Serena Yang,Actor,Self - Host,1998/8/4
1294299,Leonardo: King of the World,545802,Stephen P. Jarchow,Actor,Himself,1998/8/4
1294299,Leonardo: King of the World,4730242,Helen Stringos-Arias,Actor,Herself,1998/8/4
597,Titanic,2710,James Cameron,Director,,1997/11/18
597,Titanic,204,Kate Winslet,Actor,Rose DeWitt Bukater,1997/11/18
597,Titanic,1954,Billy Zane,Actor,Cal Hockley,1997/11/18
597,Titanic,8534,Kathy Bates,Actor,Molly Brown,1997/11/18
597,Titanic,3713,Frances Fisher,Actor,Ruth DeWitt Bukater,1997/11/18
597,Titanic,8535,Gloria Stuart,Actor,Old Rose,1997/11/18
597,Titanic,2053,Bill Paxton,Actor,Brock Lovett,1997/11/18
597,Titanic,1369,Bernard Hill,Actor,Captain Smith,1997/11/18
597,Titanic,2076,David Warner,Actor,Spicer Lovejoy,1997/11/18
597,Titanic,8536,Victor Garber,Actor,Thomas Andrews,1997/11/18
597,Titanic,8537,Jonathan Hyde,Actor,Bruce Ismay,1997/11/18
1463626,"$200,000,001: A Ship's Odyssey (The Titanic Crew Video)",204,Kate Winslet,Actor,Self / Rose DeWitt Bukater (archive footage),2005/10/25
1463626,"$200,000,001: A Ship's Odyssey (The Titanic Crew Video)",1954,Billy Zane,Actor,Self / Cal Hockley (archive footage),2005/10/25
1463626,"$200,000,001: A Ship's Odyssey (The Titanic Crew Video)",2053,Bill Paxton,Actor,Self / Brock Lovett (archive footage),2005/10/25
1463626,"$200,000,001: A Ship's Odyssey (The Titanic Crew Video)",2710,James Cameron,Actor,Self (archive footage),2005/10/25
1463626,"$200,000,001: A Ship's Odyssey (The Titanic Crew Video)",8540,Danny Nucci,Actor,Self / Fabrizio De Rossi (archive footage),2005/10/25
1463626,"$200,000,001: A Ship's Odyssey (The Titanic Crew Video)",3713,Frances Fisher,Actor,Self / Ruth DeWitt Bukater (archive footage),2005/10/25
1463626,"$200,000,001: A Ship's Odyssey (The Titanic Crew Video)",8529,Jon Landau,Actor,Self (archive footage),2005/10/25
1463626,"$200,000,001: A Ship's Odyssey (The Titanic Crew Video)",8534,Kathy Bates,Actor,Self / Molly Brown (archive footage),2005/10/25
1463626,"$200,000,001: A Ship's Odyssey (The Titanic Crew Video)",1369,Bernard Hill,Actor,Self / Edward Smith (archive footage),2005/10/25
1463626,"$200,000,001: A Ship's Odyssey (The Titanic Crew Video)",8536,Victor Garber,Actor,Self / Thomas Andrews (archive footage),2005/10/25
1465904,Heart of the Ocean: The Making of Titanic,1192052,Ed W. Marsh,Director,,1997/12/20
1465904,Heart of the Ocean: The Making of Titanic,204,Kate Winslet,Actor,Self / Rose Dewitt Bukater,1997/12/20
1465904,Heart of the Ocean: The Making of Titanic,2710,James Cameron,Actor,Self,1997/12/20
1465904,Heart of the Ocean: The Making of Titanic,2053,Bill Paxton,Actor,Self / Brock Lovett,1997/12/20
1465904,Heart of the Ocean: The Making of Titanic,1954,Billy Zane,Actor,Self / Caledon Hockley (archive footage),1997/12/20
1465904,Heart of the Ocean: The Making of Titanic,8537,Jonathan Hyde,Actor,Self / J. Bruce Ismay,1997/12/20
1465904,Heart of the Ocean: The Making of Titanic,8529,Jon Landau,Actor,Self,1997/12/20
1465904,Heart of the Ocean: The Making of Titanic,21567,Rae Sanchini,Actor,Self,1997/12/20
1465904,Heart of the Ocean: The Making of Titanic,8527,Deborah L. Scott,Actor,Self,1997/12/20
1465904,Heart of the Ocean: The Making of Titanic,8523,Russell Carpenter,Actor,Self,1997/12/20
1465904,Heart of the Ocean: The Making of Titanic,1402031,Robert Legato,Actor,Self,1997/12/20
1468496,Titanic: Breaking New Ground,2640383,Doug McCallie,Director,,1998/3/24
1468496,Titanic: Breaking New Ground,9979,Peter Coyote,Actor,Narrator,1998/3/24
1468496,Titanic: Breaking New Ground,2710,James Cameron,Actor,Self,1998/3/24
1468496,Titanic: Breaking New Ground,204,Kate Winslet,Actor,Self,1998/3/24
1468496,Titanic: Breaking New Ground,8534,Kathy Bates,Actor,Self,1998/3/24
1468496,Titanic: Breaking New Ground,8529,Jon Landau,Actor,Self,1998/3/24
1468496,Titanic: Breaking New Ground,137874,Robert D. Ballard,Actor,Self,1998/3/24
1486488,Titanic: Behind The Scenes,204,Kate Winslet,Actor,Self / Rose DeWitt Bukater (archive footage),2005/10/24
1486488,Titanic: Behind The Scenes,2710,James Cameron,Actor,Self,2005/10/24
1486488,Titanic: Behind The Scenes,8535,Gloria Stuart,Actor,Self / Old Rose (archive footage),2005/10/24
1486488,Titanic: Behind The Scenes,1954,Billy Zane,Actor,Self / Cal Hockley (archive footage),2005/10/24
1486488,Titanic: Behind The Scenes,8529,Jon Landau,Actor,Self,2005/10/24
1486488,Titanic: Behind The Scenes,21567,Rae Sanchini,Actor,Self,2005/10/24
1486488,Titanic: Behind The Scenes,3713,Frances Fisher,Actor,Self / Ruth DeWitt Bukater (archive footage),2005/10/24
1486488,Titanic: Behind The Scenes,8540,Danny Nucci,Actor,Self / Fabrizio De Rossi (archive footage),2005/10/24
1486488,Titanic: Behind The Scenes,8534,Kathy Bates,Actor,Self / Molly Brown (archive footage),2005/10/24
1486488,Titanic: Behind The Scenes,8536,Victor Garber,Actor,Self / Thomas Andrews (archive footage),2005/10/24
77443,David Blaine: Fearless,79515,David Blaine,Actor,David Blaine,2002/5/14
77443,David Blaine: Fearless,165847,Troy Aikman,Actor,Self,2002/5/14
77443,David Blaine: Fearless,1178312,Emmitt Smith,Actor,Self,2002/5/14
77443,David Blaine: Fearless,174792,Deion Sanders,Actor,Self,2002/5/14
393076,Heart of the Festival,951580,Gilles Jacob,Director,,2002/4/16
393076,Heart of the Festival,225109,Mario Martone,Actor,self,2002/4/16
393076,Heart of the Festival,9888,Claire Denis,Actor,Self,2002/4/16
393076,Heart of the Festival,6553,Isabelle Adjani,Actor,,2002/4/16
393076,Heart of the Festival,20234,Fanny Ardant,Actor,,2002/4/16
393076,Heart of the Festival,40,Orson Welles,Actor,,2002/4/16
393076,Heart of the Festival,7570,Lauren Bacall,Actor,,2002/4/16
393076,Heart of the Festival,14701,Carroll Baker,Actor,,2002/4/16
393076,Heart of the Festival,3783,Brigitte Bardot,Actor,,2002/4/16
393076,Heart of the Festival,6648,Ingmar Bergman,Actor,,2002/4/16
393076,Heart of the Festival,4111,Ingrid Bergman,Actor,,2002/4/16
